Nombre,Apellidos,Correo electronico,Numero de telefono
Juan,Perez Garcia,juan.perez@email.com,612345678
Maria,Lopez Martinez,maria.lopez@email.com,698765432
Carlos,Ruiz Hernandez,carlos.ruiz@email.com,655123456
Ana,Garcia Rodriguez,ana.garcia@email.com,677890123
Pedro,Sanchez Lopez,pedro.sanchez@email.com,634567890
Laura,Fernandez Torres,laura.fernandez@email.com,656789012
David,Jimenez Moreno,david.jimenez@email.com,690123456
Sofia,Ramirez Ortiz,sofia.ramirez@email.com,622345678
Javier,Diaz Molina,javier.diaz@email.com,678901234
Elena,Martinez Ruiz,elena.martinez@email.com,644567890